"Country or Area","Element","Year","Unit","Value","Value Footnotes"
"Afghanistan","Gross Production Index Number (2014-2016 = 100)","2021","Index","105.53",""
"Afghanistan","Gross per capita Production Index Number (2014-2016 = 100)","2021","Index","88.30",""
"Afghanistan","Area harvested","2021","ha","152499.00",""
"Afghanistan","Yield","2021","100 g/ha","30071.00",""
"Afghanistan","Production","2021","t","458571.64",""
"Africa","Gross Production Index Number (2014-2016 = 100)","2021","Index","114.87",""
"Africa","Gross per capita Production Index Number (2014-2016 = 100)","2021","Index","99.10",""
"Africa","Area harvested","2021","ha","15828504.00",""
"Africa","Yield","2021","100 g/ha","23495.00",""
"Africa","Production","2021","t","37188988.64",""
"Albania","Area harvested","2021","ha","0.00",""
"Albania","Production","2021","t","0.00",""
"Algeria","Gross Production Index Number (2014-2016 = 100)","2021","Index","103.90",""
"Algeria","Gross per capita Production Index Number (2014-2016 = 100)","2021","Index","92.96",""
"Algeria","Area harvested","2021","ha","167.00",""
"Algeria","Yield","2021","100 g/ha","18824.00",""
"Algeria","Production","2021","t","314.29",""
"Americas","Gross Production Index Number (2014-2016 = 100)","2021","Index","100.88",""
"Americas","Gross per capita Production Index Number (2014-2016 = 100)","2021","Index","96.18",""
"Americas","Area harvested","2021","ha","5698820.00",""
"Americas","Yield","2021","100 g/ha","66216.00",""
"Americas","Production","2021","t","37735462.91",""
"Angola","Gross Production Index Number (2014-2016 = 100)","2021","Index","28.12",""
"Angola","Gross per capita Production Index Number (2014-2016 = 100)","2021","Index","22.78",""
"Angola","Area harvested","2021","ha","8572.00",""
"Angola","Yield","2021","100 g/ha","12266.00",""
"Angola","Production","2021","t","10514.00",""
"Argentina","Gross Production Index Number (2014-2016 = 100)","2021","Index","95.92",""
"Argentina","Gross per capita Production Index Number (2014-2016 = 100)","2021","Index","91.59",""
"Argentina","Area harvested","2021","ha","199993.00",""
"Argentina","Yield","2021","100 g/ha","72662.00",""
"Argentina","Production","2021","t","1453187.00",""
"Armenia","Area harvested","2021","ha","0.00",""
"Armenia","Production","2021","t","0.00",""
"Asia","Gross Production Index Number (2014-2016 = 100)","2021","Index","107.41",""
"Asia","Gross per capita Production Index Number (2014-2016 = 100)","2021","Index","102.02",""
"Asia","Area harvested","2021","ha","143065700.00",""
"Asia","Yield","2021","100 g/ha","49498.00",""
"Asia","Production","2021","t","708148415.08",""
"Australia","Gross Production Index Number (2014-2016 = 100)","2021","Index","71.14",""
"Australia","Gross per capita Production Index Number (2014-2016 = 100)","2021","Index","65.09",""
"Australia","Area harvested","2021","ha","45084.00",""
"Australia","Yield","2021","100 g/ha","93820.00",""
"Australia","Production","2021","t","422977.54",""
"Australia and New Zealand","Gross Production Index Number (2014-2016 = 100)","2021","Index","71.14",""
"Australia and New Zealand","Gross per capita Production Index Number (2014-2016 = 100)","2021","Index","64.80",""
"Australia and New Zealand","Area harvested","2021","ha","45084.00",""
"Australia and New Zealand","Yield","2021","100 g/ha","93820.00",""
"Australia and New Zealand","Production","2021","t","422977.54",""
"Azerbaijan","Gross Production Index Number (2014-2016 = 100)","2021","Index","276.46",""
"Azerbaijan","Gross per capita Production Index Number (2014-2016 = 100)","2021","Index","265.08",""
"Azerbaijan","Area harvested","2021","ha","3053.00",""
"Azerbaijan","Yield","2021","100 g/ha","32960.00",""
"Azerbaijan","Production","2021","t","10062.30",""
"Bangladesh","Gross Production Index Number (2014-2016 = 100)","2021","Index","110.88",""
"Bangladesh","Gross per capita Production Index Number (2014-2016 = 100)","2021","Index","103.34",""
"Bangladesh","Area harvested","2021","ha","11700939.00",""
"Bangladesh","Yield","2021","100 g/ha","48667.00",""
"Bangladesh","Production","2021","t","56944553.97",""
"Belgium","Area harvested","2021","ha","0.00",""
"Belgium","Production","2021","t","0.00",""
"Belize","Gross Production Index Number (2014-2016 = 100)","2021","Index","99.66",""
"Belize","Gross per capita Production Index Number (2014-2016 = 100)","2021","Index","89.61",""
"Belize","Area harvested","2021","ha","2644.00",""
"Belize","Yield","2021","100 g/ha","56694.00",""
"Belize","Production","2021","t","14990.00",""
"Benin","Gross Production Index Number (2014-2016 = 100)","2021","Index","216.56",""
"Benin","Gross per capita Production Index Number (2014-2016 = 100)","2021","Index","182.47",""
"Benin","Area harvested","2021","ha","126748.00",""
"Benin","Yield","2021","100 g/ha","41000.00",""
"Benin","Production","2021","t","519666.84",""
"Bhutan","Gross Production Index Number (2014-2016 = 100)","2021","Index","50.59",""
"Bhutan","Gross per capita Production Index Number (2014-2016 = 100)","2021","Index","48.36",""
"Bhutan","Area harvested","2021","ha","9739.00",""
"Bhutan","Yield","2021","100 g/ha","41593.00",""
"Bhutan","Production","2021","t","40507.90",""
"Bolivia (Plurinational State of)","Gross Production Index Number (2014-2016 = 100)","2021","Index","116.37",""
"Bolivia (Plurinational State of)","Gross per capita Production Index Number (2014-2016 = 100)","2021","Index","106.73",""
"Bolivia (Plurinational State of)","Area harvested","2021","ha","178744.00",""
"Bolivia (Plurinational State of)","Yield","2021","100 g/ha","30780.00",""
"Bolivia (Plurinational State of)","Production","2021","t","550181.52",""
"Brazil","Gross Production Index Number (2014-2016 = 100)","2021","Index","99.67",""
"Brazil","Gross per capita Production Index Number (2014-2016 = 100)","2021","Index","95.37",""
"Brazil","Area harvested","2021","ha","1689189.00",""
"Brazil","Yield","2021","100 g/ha","69031.00",""
"Brazil","Production","2021","t","11660603.00",""
"Brunei Darussalam","Gross Production Index Number (2014-2016 = 100)","2021","Index","162.32",""
"Brunei Darussalam","Gross per capita Production Index Number (2014-2016 = 100)","2021","Index","153.63",""
"Brunei Darussalam","Area harvested","2021","ha","927.00",""
"Brunei Darussalam","Yield","2021","100 g/ha","28852.00",""
"Brunei Darussalam","Production","2021","t","2675.00",""
"Bulgaria","Gross Production Index Number (2014-2016 = 100)","2021","Index","93.43",""
"Bulgaria","Gross per capita Production Index Number (2014-2016 = 100)","2021","Index","99.12",""
"Bulgaria","Area harvested","2021","ha","12050.00",""
"Bulgaria","Yield","2021","100 g/ha","48232.00",""
"Bulgaria","Production","2021","t","58120.00",""
"Burkina Faso","Gross Production Index Number (2014-2016 = 100)","2021","Index","127.96",""
"Burkina Faso","Gross per capita Production Index Number (2014-2016 = 100)","2021","Index","108.44",""
"Burkina Faso","Area harvested","2021","ha","210000.00","X7"
"Burkina Faso","Yield","2021","100 g/ha","21476.00",""
"Burkina Faso","Production","2021","t","451000.00",""
"Burundi","Gross Production Index Number (2014-2016 = 100)","2021","Index","142.47",""
"Burundi","Gross per capita Production Index Number (2014-2016 = 100)","2021","Index","122.19",""
"Burundi","Area harvested","2021","ha","50478.00",""
"Burundi","Yield","2021","100 g/ha","23773.00",""
"Burundi","Production","2021","t","120000.00","X7"
"Cambodia","Gross Production Index Number (2014-2016 = 100)","2021","Index","119.64",""
"Cambodia","Gross per capita Production Index Number (2014-2016 = 100)","2021","Index","111.21",""
"Cambodia","Area harvested","2021","ha","3252989.00",""
"Cambodia","Yield","2021","100 g/ha","35075.00",""
"Cambodia","Production","2021","t","11410000.00","X7"
"Cameroon","Gross Production Index Number (2014-2016 = 100)","2021","Index","137.43",""
"Cameroon","Gross per capita Production Index Number (2014-2016 = 100)","2021","Index","117.12",""
"Cameroon","Area harvested","2021","ha","296209.00",""
"Cameroon","Yield","2021","100 g/ha","12231.00",""
"Cameroon","Production","2021","t","362294.45",""
"Caribbean","Gross Production Index Number (2014-2016 = 100)","2021","Index","89.85",""
"Caribbean","Gross per capita Production Index Number (2014-2016 = 100)","2021","Index","86.92",""
"Caribbean","Area harvested","2021","ha","307198.00",""
"Caribbean","Yield","2021","100 g/ha","45173.00",""
"Caribbean","Production","2021","t","1387697.64",""
"Central African Republic","Gross Production Index Number (2014-2016 = 100)","2021","Index","111.03",""
"Central African Republic","Gross per capita Production Index Number (2014-2016 = 100)","2021","Index","98.47",""
"Central African Republic","Area harvested","2021","ha","8596.00",""
"Central African Republic","Yield","2021","100 g/ha","14901.00",""
"Central African Republic","Production","2021","t","12808.96",""
"Central America","Gross Production Index Number (2014-2016 = 100)","2021","Index","112.60",""
"Central America","Gross per capita Production Index Number (2014-2016 = 100)","2021","Index","105.98",""
"Central America","Area harvested","2021","ha","279301.00",""
"Central America","Yield","2021","100 g/ha","51273.00",""
"Central America","Production","2021","t","1432054.58",""
"Central Asia","Gross Production Index Number (2014-2016 = 100)","2021","Index","96.16",""
"Central Asia","Gross per capita Production Index Number (2014-2016 = 100)","2021","Index","87.48",""
"Central Asia","Area harvested","2021","ha","191091.00",""
"Central Asia","Yield","2021","100 g/ha","54119.00",""
"Central Asia","Production","2021","t","1034163.28",""
"Chad","Gross Production Index Number (2014-2016 = 100)","2021","Index","90.39",""
"Chad","Gross per capita Production Index Number (2014-2016 = 100)","2021","Index","74.23",""
"Chad","Area harvested","2021","ha","184086.00",""
"Chad","Yield","2021","100 g/ha","13181.00",""
"Chad","Production","2021","t","242646.70",""
"Chile","Gross Production Index Number (2014-2016 = 100)","2021","Index","92.76",""
"Chile","Gross per capita Production Index Number (2014-2016 = 100)","2021","Index","85.16",""
"Chile","Area harvested","2021","ha","22965.00",""
"Chile","Yield","2021","100 g/ha","63612.00",""
"Chile","Production","2021","t","146085.10",""
"China","Gross Production Index Number (2014-2016 = 100)","2021","Index","101.35",""
"China","Gross per capita Production Index Number (2014-2016 = 100)","2021","Index","99.07",""
"China","Area harvested","2021","ha","30145222.00",""
"China","Yield","2021","100 g/ha","71124.00",""
"China","Production","2021","t","214403870.05",""
"China, Hong Kong SAR","Gross Production Index Number (2014-2016 = 100)","2021","Index","111.79",""
"China, Hong Kong SAR","Gross per capita Production Index Number (2014-2016 = 100)","2021","Index","110.32",""
"China, Hong Kong SAR","Area harvested","2021","ha","0.00",""
"China, Hong Kong SAR","Yield","2021","100 g/ha","20604.00",""
"China, Hong Kong SAR","Production","2021","t","0.05",""
"China, mainland","Gross Production Index Number (2014-2016 = 100)","2021","Index","101.40",""
"China, mainland","Gross per capita Production Index Number (2014-2016 = 100)","2021","Index","99.10",""
"China, mainland","Area harvested","2021","ha","29921200.00",""
"China, mainland","Yield","2021","100 g/ha","71135.00",""
"China, mainland","Production","2021","t","212843000.00",""
"Other non-specified areas","Gross Production Index Number (2014-2016 = 100)","2021","Index","95.53",""
"Other non-specified areas","Gross per capita Production Index Number (2014-2016 = 100)","2021","Index","94.12",""
"Other non-specified areas","Area harvested","2021","ha","224022.00",""
"Other non-specified areas","Yield","2021","100 g/ha","69675.00",""
"Other non-specified areas","Production","2021","t","1560870.00",""
"Colombia","Gross Production Index Number (2014-2016 = 100)","2021","Index","128.70",""
"Colombia","Gross per capita Production Index Number (2014-2016 = 100)","2021","Index","117.89",""
"Colombia","Area harvested","2021","ha","544635.00",""
"Colombia","Yield","2021","100 g/ha","61078.00",""
"Colombia","Production","2021","t","3326528.95",""
"Comoros","Gross Production Index Number (2014-2016 = 100)","2021","Index","102.43",""
"Comoros","Gross per capita Production Index Number (2014-2016 = 100)","2021","Index","91.05",""
"Comoros","Area harvested","2021","ha","23795.00",""
"Comoros","Yield","2021","100 g/ha","13085.00",""
"Comoros","Production","2021","t","31135.06",""
"Congo","Gross Production Index Number (2014-2016 = 100)","2021","Index","82.20",""
"Congo","Gross per capita Production Index Number (2014-2016 = 100)","2021","Index","71.34",""
"Congo","Area harvested","2021","ha","1696.00",""
"Congo","Yield","2021","100 g/ha","5895.00",""
"Congo","Production","2021","t","1000.00","X7"
"Costa Rica","Gross Production Index Number (2014-2016 = 100)","2021","Index","72.58",""
"Costa Rica","Gross per capita Production Index Number (2014-2016 = 100)","2021","Index","68.90",""
"Costa Rica","Area harvested","2021","ha","32965.00",""
"Costa Rica","Yield","2021","100 g/ha","45812.00",""
"Costa Rica","Production","2021","t","151018.00",""
"Côte d'Ivoire","Gross Production Index Number (2014-2016 = 100)","2021","Index","79.49",""
"Côte d'Ivoire","Gross per capita Production Index Number (2014-2016 = 100)","2021","Index","68.24",""
"Côte d'Ivoire","Area harvested","2021","ha","581756.00",""
"Côte d'Ivoire","Yield","2021","100 g/ha","28517.00",""
"Côte d'Ivoire","Production","2021","t","1659000.00",""
"Croatia","Area harvested","2021","ha","0.00",""
"Croatia","Production","2021","t","0.00",""
"Cuba","Gross Production Index Number (2014-2016 = 100)","2021","Index","44.65",""
"Cuba","Gross per capita Production Index Number (2014-2016 = 100)","2021","Index","44.98",""
"Cuba","Area harvested","2021","ha","66518.00",""
"Cuba","Yield","2021","100 g/ha","33944.00",""
"Cuba","Production","2021","t","225786.00",""
"Cyprus","Area harvested","2021","ha","0.00",""
"Cyprus","Production","2021","t","0.00",""
"Czechia","Area harvested","2021","ha","0.00",""
"Czechia","Production","2021","t","0.00",""
"Democratic People's Republic of Korea","Gross Production Index Number (2014-2016 = 100)","2021","Index","78.28",""
"Democratic People's Republic of Korea","Gross per capita Production Index Number (2014-2016 = 100)","2021","Index","76.12",""
"Democratic People's Republic of Korea","Area harvested","2021","ha","463986.00",""
"Democratic People's Republic of Korea","Yield","2021","100 g/ha","39976.00",""
"Democratic People's Republic of Korea","Production","2021","t","1854841.42",""
"Democratic Republic of the Congo","Gross Production Index Number (2014-2016 = 100)","2021","Index","150.75",""
"Democratic Republic of the Congo","Gross per capita Production Index Number (2014-2016 = 100)","2021","Index","123.75",""
"Democratic Republic of the Congo","Area harvested","2021","ha","1442356.00",""
"Democratic Republic of the Congo","Yield","2021","100 g/ha","10959.00",""
"Democratic Republic of the Congo","Production","2021","t","1580620.00",""
"Denmark","Area harvested","2021","ha","0.00",""
"Denmark","Production","2021","t","0.00",""
"Dominican Republic","Gross Production Index Number (2014-2016 = 100)","2021","Index","113.43",""
"Dominican Republic","Gross per capita Production Index Number (2014-2016 = 100)","2021","Index","106.13",""
"Dominican Republic","Area harvested","2021","ha","191194.00",""
"Dominican Republic","Yield","2021","100 g/ha","52637.00",""
"Dominican Republic","Production","2021","t","1006394.00",""
"Eastern Africa","Gross Production Index Number (2014-2016 = 100)","2021","Index","125.37",""
"Eastern Africa","Gross per capita Production Index Number (2014-2016 = 100)","2021","Index","106.98",""
"Eastern Africa","Area harvested","2021","ha","3289855.00",""
"Eastern Africa","Yield","2021","100 g/ha","25789.00",""
"Eastern Africa","Production","2021","t","8484102.41",""
"Eastern Asia","Gross Production Index Number (2014-2016 = 100)","2021","Index","100.59",""
"Eastern Asia","Gross per capita Production Index Number (2014-2016 = 100)","2021","Index","98.65",""
"Eastern Asia","Area harvested","2021","ha","32745685.00",""
"Eastern Asia","Yield","2021","100 g/ha","70848.00",""
"Eastern Asia","Production","2021","t","231995148.47",""
"Eastern Europe","Gross Production Index Number (2014-2016 = 100)","2021","Index","96.15",""
"Eastern Europe","Gross per capita Production Index Number (2014-2016 = 100)","2021","Index","97.06",""
"Eastern Europe","Area harvested","2021","ha","216629.00",""
"Eastern Europe","Yield","2021","100 g/ha","55787.00",""
"Eastern Europe","Production","2021","t","1208511.50",""
"Ecuador","Gross Production Index Number (2014-2016 = 100)","2021","Index","98.80",""
"Ecuador","Gross per capita Production Index Number (2014-2016 = 100)","2021","Index","89.95",""
"Ecuador","Area harvested","2021","ha","340281.00",""
"Ecuador","Yield","2021","100 g/ha","44205.00",""
"Ecuador","Production","2021","t","1504213.62",""
"Egypt","Gross Production Index Number (2014-2016 = 100)","2021","Index","93.14",""
"Egypt","Gross per capita Production Index Number (2014-2016 = 100)","2021","Index","83.24",""
"Egypt","Area harvested","2021","ha","474494.00",""
"Egypt","Yield","2021","100 g/ha","102031.00",""
"Egypt","Production","2021","t","4841327.10",""
"El Salvador","Gross Production Index Number (2014-2016 = 100)","2021","Index","66.52",""
"El Salvador","Gross per capita Production Index Number (2014-2016 = 100)","2021","Index","65.61",""
"El Salvador","Area harvested","2021","ha","3303.00",""
"El Salvador","Yield","2021","100 g/ha","72654.00",""
"El Salvador","Production","2021","t","24000.00","X7"
"Estonia","Area harvested","2021","ha","0.00",""
"Estonia","Production","2021","t","0.00",""
"Eswatini","Gross Production Index Number (2014-2016 = 100)","2021","Index","112.79",""
"Eswatini","Gross per capita Production Index Number (2014-2016 = 100)","2021","Index","107.30",""
"Eswatini","Area harvested","2021","ha","330.00",""
"Eswatini","Yield","2021","100 g/ha","30269.00",""
"Eswatini","Production","2021","t","1000.00","X7"
"Ethiopia","Gross Production Index Number (2014-2016 = 100)","2021","Index","147.20",""
"Ethiopia","Gross per capita Production Index Number (2014-2016 = 100)","2021","Index","125.42",""
"Ethiopia","Area harvested","2021","ha","60000.00","X7"
"Ethiopia","Yield","2021","100 g/ha","33333.00",""
"Ethiopia","Production","2021","t","200000.00","X7"
"Europe","Gross Production Index Number (2014-2016 = 100)","2021","Index","91.34",""
"Europe","Gross per capita Production Index Number (2014-2016 = 100)","2021","Index","90.97",""
"Europe","Area harvested","2021","ha","608000.00",""
"Europe","Yield","2021","100 g/ha","62234.00",""
"Europe","Production","2021","t","3783853.50",""
"European Union (27)","Gross Production Index Number (2014-2016 = 100)","2021","Index","88.70",""
"European Union (27)","Gross per capita Production Index Number (2014-2016 = 100)","2021","Index","88.24",""
"European Union (27)","Area harvested","2021","ha","408470.00",""
"European Union (27)","Yield","2021","100 g/ha","64607.00",""
"European Union (27)","Production","2021","t","2639000.00",""
"Fiji","Gross Production Index Number (2014-2016 = 100)","2021","Index","142.54",""
"Fiji","Gross per capita Production Index Number (2014-2016 = 100)","2021","Index","141.38",""
"Fiji","Area harvested","2021","ha","2557.00",""
"Fiji","Yield","2021","100 g/ha","40553.00",""
"Fiji","Production","2021","t","10367.75",""
"Finland","Area harvested","2021","ha","0.00",""
"Finland","Production","2021","t","0.00",""
"France","Gross Production Index Number (2014-2016 = 100)","2021","Index","76.44",""
"France","Gross per capita Production Index Number (2014-2016 = 100)","2021","Index","75.57",""
"France","Area harvested","2021","ha","12290.00",""
"France","Yield","2021","100 g/ha","50724.00",""
"France","Production","2021","t","62340.00",""
"Gabon","Gross Production Index Number (2014-2016 = 100)","2021","Index","100.64",""
"Gabon","Gross per capita Production Index Number (2014-2016 = 100)","2021","Index","87.12",""
"Gabon","Area harvested","2021","ha","602.00",""
"Gabon","Yield","2021","100 g/ha","28274.00",""
"Gabon","Production","2021","t","1702.77",""
"Gambia","Gross Production Index Number (2014-2016 = 100)","2021","Index","75.87",""
"Gambia","Gross per capita Production Index Number (2014-2016 = 100)","2021","Index","64.75",""
"Gambia","Area harvested","2021","ha","65000.00","X7"
"Gambia","Yield","2021","100 g/ha","6446.00",""
"Gambia","Production","2021","t","41900.00",""
"Germany","Area harvested","2021","ha","0.00",""
"Germany","Production","2021","t","0.00",""
"Ghana","Gross Production Index Number (2014-2016 = 100)","2021","Index","191.06",""
"Ghana","Gross per capita Production Index Number (2014-2016 = 100)","2021","Index","168.13",""
"Ghana","Area harvested","2021","ha","414027.00",""
"Ghana","Yield","2021","100 g/ha","29737.00",""
"Ghana","Production","2021","t","1231200.00",""
"Greece","Gross Production Index Number (2014-2016 = 100)","2021","Index","94.09",""
"Greece","Gross per capita Production Index Number (2014-2016 = 100)","2021","Index","97.31",""
"Greece","Area harvested","2021","ha","34890.00",""
"Greece","Yield","2021","100 g/ha","69261.00",""
"Greece","Production","2021","t","241650.00",""
"Guatemala","Gross Production Index Number (2014-2016 = 100)","2021","Index","98.81",""
"Guatemala","Gross per capita Production Index Number (2014-2016 = 100)","2021","Index","89.78",""
"Guatemala","Area harvested","2021","ha","11318.00",""
"Guatemala","Yield","2021","100 g/ha","29156.00",""
"Guatemala","Production","2021","t","33000.00","X7"
"Guinea","Gross Production Index Number (2014-2016 = 100)","2021","Index","120.67",""
"Guinea","Gross per capita Production Index Number (2014-2016 = 100)","2021","Index","103.73",""
"Guinea","Area harvested","2021","ha","1650217.00",""
"Guinea","Yield","2021","100 g/ha","15000.00",""
"Guinea","Production","2021","t","2475325.00",""
"Guinea-Bissau","Gross Production Index Number (2014-2016 = 100)","2021","Index","131.24",""
"Guinea-Bissau","Gross per capita Production Index Number (2014-2016 = 100)","2021","Index","114.20",""
"Guinea-Bissau","Area harvested","2021","ha","126654.00",""
"Guinea-Bissau","Yield","2021","100 g/ha","16890.00",""
"Guinea-Bissau","Production","2021","t","213918.00",""
"Guyana","Gross Production Index Number (2014-2016 = 100)","2021","Index","90.30",""
"Guyana","Gross per capita Production Index Number (2014-2016 = 100)","2021","Index","84.72",""
"Guyana","Area harvested","2021","ha","149948.00",""
"Guyana","Yield","2021","100 g/ha","37287.00",""
"Guyana","Production","2021","t","559113.00",""
"Haiti","Gross Production Index Number (2014-2016 = 100)","2021","Index","103.85",""
"Haiti","Gross per capita Production Index Number (2014-2016 = 100)","2021","Index","95.90",""
"Haiti","Area harvested","2021","ha","49059.00",""
"Haiti","Yield","2021","100 g/ha","31595.00",""
"Haiti","Production","2021","t","155000.00","X7"
"Honduras","Gross Production Index Number (2014-2016 = 100)","2021","Index","78.89",""
"Honduras","Gross per capita Production Index Number (2014-2016 = 100)","2021","Index","71.33",""
"Honduras","Area harvested","2021","ha","14506.00",""
"Honduras","Yield","2021","100 g/ha","37103.00",""
"Honduras","Production","2021","t","53820.14",""
"Hungary","Gross Production Index Number (2014-2016 = 100)","2021","Index","101.68",""
"Hungary","Gross per capita Production Index Number (2014-2016 = 100)","2021","Index","103.04",""
"Hungary","Area harvested","2021","ha","2720.00",""
"Hungary","Yield","2021","100 g/ha","35000.00",""
"Hungary","Production","2021","t","9520.00",""
"India","Gross Production Index Number (2014-2016 = 100)","2021","Index","122.80",""
"India","Gross per capita Production Index Number (2014-2016 = 100)","2021","Index","115.42",""
"India","Area harvested","2021","ha","46379000.00",""
"India","Yield","2021","100 g/ha","42137.00",""
"India","Production","2021","t","195425000.00",""
"Indonesia","Gross Production Index Number (2014-2016 = 100)","2021","Index","93.75",""
"Indonesia","Gross per capita Production Index Number (2014-2016 = 100)","2021","Index","88.69",""
"Indonesia","Area harvested","2021","ha","10411801.00",""
"Indonesia","Yield","2021","100 g/ha","52263.00",""
"Indonesia","Production","2021","t","54415294.00",""
"Iran (Islamic Republic of)","Gross Production Index Number (2014-2016 = 100)","2021","Index","62.84",""
"Iran (Islamic Republic of)","Gross per capita Production Index Number (2014-2016 = 100)","2021","Index","58.45",""
"Iran (Islamic Republic of)","Area harvested","2021","ha","433311.00",""
"Iran (Islamic Republic of)","Yield","2021","100 g/ha","36818.00",""
"Iran (Islamic Republic of)","Production","2021","t","1595344.62",""
"Iraq","Gross Production Index Number (2014-2016 = 100)","2021","Index","182.74",""
"Iraq","Gross per capita Production Index Number (2014-2016 = 100)","2021","Index","156.98",""
"Iraq","Area harvested","2021","ha","96185.00",""
"Iraq","Yield","2021","100 g/ha","43922.00",""
"Iraq","Production","2021","t","422463.00",""
"Ireland","Area harvested","2021","ha","0.00",""
"Ireland","Production","2021","t","0.00",""
"Italy","Gross Production Index Number (2014-2016 = 100)","2021","Index","97.47",""
"Italy","Gross per capita Production Index Number (2014-2016 = 100)","2021","Index","99.08",""
"Italy","Area harvested","2021","ha","227040.00",""
"Italy","Yield","2021","100 g/ha","64275.00",""
"Italy","Production","2021","t","1459310.00",""
"Jamaica","Area harvested","2021","ha","0.00",""
"Jamaica","Production","2021","t","0.00",""
"Japan","Gross Production Index Number (2014-2016 = 100)","2021","Index","95.43",""
"Japan","Gross per capita Production Index Number (2014-2016 = 100)","2021","Index","97.44",""
"Japan","Area harvested","2021","ha","1404000.00",""
"Japan","Yield","2021","100 g/ha","74967.00",""
"Japan","Production","2021","t","10525400.00",""
"Kazakhstan","Gross Production Index Number (2014-2016 = 100)","2021","Index","121.19",""
"Kazakhstan","Gross per capita Production Index Number (2014-2016 = 100)","2021","Index","112.67",""
"Kazakhstan","Area harvested","2021","ha","96634.00",""
"Kazakhstan","Yield","2021","100 g/ha","52132.00",""
"Kazakhstan","Production","2021","t","503771.30",""
"Kenya","Gross Production Index Number (2014-2016 = 100)","2021","Index","168.96",""
"Kenya","Gross per capita Production Index Number (2014-2016 = 100)","2021","Index","149.22",""
"Kenya","Area harvested","2021","ha","25548.00",""
"Kenya","Yield","2021","100 g/ha","72804.00",""
"Kenya","Production","2021","t","186000.00",""
"Kyrgyzstan","Gross Production Index Number (2014-2016 = 100)","2021","Index","149.02",""
"Kyrgyzstan","Gross per capita Production Index Number (2014-2016 = 100)","2021","Index","135.19",""
"Kyrgyzstan","Area harvested","2021","ha","12404.00",""
"Kyrgyzstan","Yield","2021","100 g/ha","37357.00",""
"Kyrgyzstan","Production","2021","t","46338.00",""
"Land Locked Developing Countries","Gross Production Index Number (2014-2016 = 100)","2021","Index","108.62",""
"Land Locked Developing Countries","Gross per capita Production Index Number (2014-2016 = 100)","2021","Index","94.35",""
"Land Locked Developing Countries","Area harvested","2021","ha","4821373.00",""
"Land Locked Developing Countries","Yield","2021","100 g/ha","35118.00",""
"Land Locked Developing Countries","Production","2021","t","16931805.31",""
"Lao People's Democratic Republic","Gross Production Index Number (2014-2016 = 100)","2021","Index","94.75",""
"Lao People's Democratic Republic","Gross per capita Production Index Number (2014-2016 = 100)","2021","Index","86.65",""
"Lao People's Democratic Republic","Area harvested","2021","ha","943194.00",""
"Lao People's Democratic Republic","Yield","2021","100 g/ha","41031.00",""
"Lao People's Democratic Republic","Production","2021","t","3870000.00","X7"
"Latvia","Area harvested","2021","ha","0.00",""
"Latvia","Production","2021","t","0.00",""
"Least Developed Countries","Gross Production Index Number (2014-2016 = 100)","2021","Index","110.25",""
"Least Developed Countries","Gross per capita Production Index Number (2014-2016 = 100)","2021","Index","95.43",""
"Least Developed Countries","Area harvested","2021","ha","33848290.00",""
"Least Developed Countries","Yield","2021","100 g/ha","36624.00",""
"Least Developed Countries","Production","2021","t","123964807.21",""
"Liberia","Gross Production Index Number (2014-2016 = 100)","2021","Index","85.47",""
"Liberia","Gross per capita Production Index Number (2014-2016 = 100)","2021","Index","76.01",""
"Liberia","Area harvested","2021","ha","240000.00","X7"
"Liberia","Yield","2021","100 g/ha","10650.00",""
"Liberia","Production","2021","t","255600.00",""
"Lithuania","Area harvested","2021","ha","0.00",""
"Lithuania","Production","2021","t","0.00",""
"Low Income Food Deficit Countries","Gross Production Index Number (2014-2016 = 100)","2021","Index","116.54",""
"Low Income Food Deficit Countries","Gross per capita Production Index Number (2014-2016 = 100)","2021","Index","105.78",""
"Low Income Food Deficit Countries","Area harvested","2021","ha","78563041.00",""
"Low Income Food Deficit Countries","Yield","2021","100 g/ha","41893.00",""
"Low Income Food Deficit Countries","Production","2021","t","329126806.04",""
"Luxembourg","Area harvested","2021","ha","0.00",""
"Luxembourg","Production","2021","t","0.00",""
"Madagascar","Gross Production Index Number (2014-2016 = 100)","2021","Index","114.40",""
"Madagascar","Gross per capita Production Index Number (2014-2016 = 100)","2021","Index","98.26",""
"Madagascar","Area harvested","2021","ha","1600000.00",""
"Madagascar","Yield","2021","100 g/ha","27446.00",""
"Madagascar","Production","2021","t","4391386.00",""
"Malawi","Gross Production Index Number (2014-2016 = 100)","2021","Index","134.87",""
"Malawi","Gross per capita Production Index Number (2014-2016 = 100)","2021","Index","114.36",""
"Malawi","Area harvested","2021","ha","76962.00",""
"Malawi","Yield","2021","100 g/ha","19113.00",""
"Malawi","Production","2021","t","147100.00",""
"Malaysia","Gross Production Index Number (2014-2016 = 100)","2021","Index","99.16",""
"Malaysia","Gross per capita Production Index Number (2014-2016 = 100)","2021","Index","91.91",""
"Malaysia","Area harvested","2021","ha","645668.00",""
"Malaysia","Yield","2021","100 g/ha","37452.00",""
"Malaysia","Production","2021","t","2418148.00",""
"Mali","Gross Production Index Number (2014-2016 = 100)","2021","Index","99.75",""
"Mali","Gross per capita Production Index Number (2014-2016 = 100)","2021","Index","82.69",""
"Mali","Area harvested","2021","ha","874031.00",""
"Mali","Yield","2021","100 g/ha","27691.00",""
"Mali","Production","2021","t","2420245.00",""
"Malta","Area harvested","2021","ha","0.00",""
"Malta","Production","2021","t","0.00",""
"Mauritania","Gross Production Index Number (2014-2016 = 100)","2021","Index","177.71",""
"Mauritania","Gross per capita Production Index Number (2014-2016 = 100)","2021","Index","151.44",""
"Mauritania","Area harvested","2021","ha","77000.00","X7"
"Mauritania","Yield","2021","100 g/ha","55636.00",""
"Mauritania","Production","2021","t","428400.00",""
"Mauritius","Area harvested","2021","ha","0.00",""
"Mauritius","Production","2021","t","0.00",""
"Melanesia","Gross Production Index Number (2014-2016 = 100)","2021","Index","128.83",""
"Melanesia","Gross per capita Production Index Number (2014-2016 = 100)","2021","Index","113.94",""
"Melanesia","Area harvested","2021","ha","4416.00",""
"Melanesia","Yield","2021","100 g/ha","31693.00",""
"Melanesia","Production","2021","t","13995.07",""
"Mexico","Gross Production Index Number (2014-2016 = 100)","2021","Index","106.77",""
"Mexico","Gross per capita Production Index Number (2014-2016 = 100)","2021","Index","101.27",""
"Mexico","Area harvested","2021","ha","40280.00",""
"Mexico","Yield","2021","100 g/ha","63813.00",""
"Mexico","Production","2021","t","257041.44",""
"Micronesia","Gross Production Index Number (2014-2016 = 100)","2021","Index","101.92",""
"Micronesia","Gross per capita Production Index Number (2014-2016 = 100)","2021","Index","99.90",""
"Micronesia","Area harvested","2021","ha","96.00",""
"Micronesia","Yield","2021","100 g/ha","18113.00",""
"Micronesia","Production","2021","t","174.67",""
"Micronesia (Federated States of)","Gross Production Index Number (2014-2016 = 100)","2021","Index","101.92",""
"Micronesia (Federated States of)","Gross per capita Production Index Number (2014-2016 = 100)","2021","Index","98.62",""
"Micronesia (Federated States of)","Area harvested","2021","ha","96.00",""
"Micronesia (Federated States of)","Yield","2021","100 g/ha","18113.00",""
"Micronesia (Federated States of)","Production","2021","t","174.67",""
"Middle Africa","Gross Production Index Number (2014-2016 = 100)","2021","Index","135.48",""
"Middle Africa","Gross per capita Production Index Number (2014-2016 = 100)","2021","Index","112.22",""
"Middle Africa","Area harvested","2021","ha","1942118.00",""
"Middle Africa","Yield","2021","100 g/ha","11388.00",""
"Middle Africa","Production","2021","t","2211586.88",""
"Morocco","Gross Production Index Number (2014-2016 = 100)","2021","Index","102.00",""
"Morocco","Gross per capita Production Index Number (2014-2016 = 100)","2021","Index","95.56",""
"Morocco","Area harvested","2021","ha","7555.00",""
"Morocco","Yield","2021","100 g/ha","67374.00",""
"Morocco","Production","2021","t","50900.70",""
"Mozambique","Gross Production Index Number (2014-2016 = 100)","2021","Index","135.99",""
"Mozambique","Gross per capita Production Index Number (2014-2016 = 100)","2021","Index","113.61",""
"Mozambique","Area harvested","2021","ha","285000.00","X7"
"Mozambique","Yield","2021","100 g/ha","6632.00",""
"Mozambique","Production","2021","t","189000.00","X7"
"Myanmar","Gross Production Index Number (2014-2016 = 100)","2021","Index","95.43",""
"Myanmar","Gross per capita Production Index Number (2014-2016 = 100)","2021","Index","91.32",""
"Myanmar","Area harvested","2021","ha","6536690.00",""
"Myanmar","Yield","2021","100 g/ha","38108.00",""
"Myanmar","Production","2021","t","24910000.00","X7"
"Nepal","Gross Production Index Number (2014-2016 = 100)","2021","Index","119.32",""
"Nepal","Gross per capita Production Index Number (2014-2016 = 100)","2021","Index","109.77",""
"Nepal","Area harvested","2021","ha","1473474.00",""
"Nepal","Yield","2021","100 g/ha","38153.00",""
"Nepal","Production","2021","t","5621710.00",""
"Net Food Importing Developing Countries","Gross Production Index Number (2014-2016 = 100)","2021","Index","111.15",""
"Net Food Importing Developing Countries","Gross per capita Production Index Number (2014-2016 = 100)","2021","Index","98.31",""
"Net Food Importing Developing Countries","Area harvested","2021","ha","40483976.00",""
"Net Food Importing Developing Countries","Yield","2021","100 g/ha","38388.00",""
"Net Food Importing Developing Countries","Production","2021","t","155411423.52",""
"Netherlands (Kingdom of the)","Area harvested","2021","ha","0.00",""
"Netherlands (Kingdom of the)","Production","2021","t","0.00",""
"New Zealand","Area harvested","2021","ha","0.00",""
"New Zealand","Production","2021","t","0.00",""
"Nicaragua","Gross Production Index Number (2014-2016 = 100)","2021","Index","128.05",""
"Nicaragua","Gross per capita Production Index Number (2014-2016 = 100)","2021","Index","117.79",""
"Nicaragua","Area harvested","2021","ha","77494.00",""
"Nicaragua","Yield","2021","100 g/ha","63465.00",""
"Nicaragua","Production","2021","t","491815.00",""
"Niger","Gross Production Index Number (2014-2016 = 100)","2021","Index","22.46",""
"Niger","Gross per capita Production Index Number (2014-2016 = 100)","2021","Index","17.90",""
"Niger","Area harvested","2021","ha","12566.00",""
"Niger","Yield","2021","100 g/ha","17823.00",""
"Niger","Production","2021","t","22397.00",""
"Nigeria","Gross Production Index Number (2014-2016 = 100)","2021","Index","102.90",""
"Nigeria","Gross per capita Production Index Number (2014-2016 = 100)","2021","Index","89.05",""
"Nigeria","Area harvested","2021","ha","4320100.00",""
"Nigeria","Yield","2021","100 g/ha","19310.00",""
"Nigeria","Production","2021","t","8342000.00",""
"North Macedonia","Gross Production Index Number (2014-2016 = 100)","2021","Index","66.29",""
"North Macedonia","Gross per capita Production Index Number (2014-2016 = 100)","2021","Index","66.42",""
"North Macedonia","Area harvested","2021","ha","3111.00",""
"North Macedonia","Yield","2021","100 g/ha","60951.00",""
"North Macedonia","Production","2021","t","18962.00",""
"Northern Africa","Gross Production Index Number (2014-2016 = 100)","2021","Index","93.24",""
"Northern Africa","Gross per capita Production Index Number (2014-2016 = 100)","2021","Index","83.22",""
"Northern Africa","Area harvested","2021","ha","490729.00",""
"Northern Africa","Yield","2021","100 g/ha","100209.00",""
"Northern Africa","Production","2021","t","4917542.09",""
"Northern America","Gross Production Index Number (2014-2016 = 100)","2021","Index","90.09",""
"Northern America","Gross per capita Production Index Number (2014-2016 = 100)","2021","Index","86.54",""
"Northern America","Area harvested","2021","ha","1006870.00",""
"Northern America","Yield","2021","100 g/ha","86404.00",""
"Northern America","Production","2021","t","8699720.00",""
"Northern Europe","Area harvested","2021","ha","0.00",""
"Northern Europe","Production","2021","t","0.00",""
"Oceania","Gross Production Index Number (2014-2016 = 100)","2021","Index","72.19",""
"Oceania","Gross per capita Production Index Number (2014-2016 = 100)","2021","Index","65.22",""
"Oceania","Area harvested","2021","ha","49596.00",""
"Oceania","Yield","2021","100 g/ha","88141.00",""
"Oceania","Production","2021","t","437147.28",""
"Pakistan","Gross Production Index Number (2014-2016 = 100)","2021","Index","135.42",""
"Pakistan","Gross per capita Production Index Number (2014-2016 = 100)","2021","Index","123.40",""
"Pakistan","Area harvested","2021","ha","3537369.00",""
"Pakistan","Yield","2021","100 g/ha","39532.00",""
"Pakistan","Production","2021","t","13984009.00",""
"Panama","Gross Production Index Number (2014-2016 = 100)","2021","Index","141.98",""
"Panama","Gross per capita Production Index Number (2014-2016 = 100)","2021","Index","129.28",""
"Panama","Area harvested","2021","ha","96790.00",""
"Panama","Yield","2021","100 g/ha","41985.00",""
"Panama","Production","2021","t","406370.00",""
"Papua New Guinea","Gross Production Index Number (2014-2016 = 100)","2021","Index","103.81",""
"Papua New Guinea","Gross per capita Production Index Number (2014-2016 = 100)","2021","Index","90.56",""
"Papua New Guinea","Area harvested","2021","ha","413.00",""
"Papua New Guinea","Yield","2021","100 g/ha","21319.00",""
"Papua New Guinea","Production","2021","t","879.64",""
"Paraguay","Gross Production Index Number (2014-2016 = 100)","2021","Index","140.56",""
"Paraguay","Gross per capita Production Index Number (2014-2016 = 100)","2021","Index","129.57",""
"Paraguay","Area harvested","2021","ha","178000.00",""
"Paraguay","Yield","2021","100 g/ha","66326.00",""
"Paraguay","Production","2021","t","1180600.00",""
"Peru","Gross Production Index Number (2014-2016 = 100)","2021","Index","112.81",""
"Peru","Gross per capita Production Index Number (2014-2016 = 100)","2021","Index","102.86",""
"Peru","Area harvested","2021","ha","417813.00",""
"Peru","Yield","2021","100 g/ha","83155.00",""
"Peru","Production","2021","t","3474307.00",""
"Philippines","Gross Production Index Number (2014-2016 = 100)","2021","Index","109.38",""
"Philippines","Gross per capita Production Index Number (2014-2016 = 100)","2021","Index","98.94",""
"Philippines","Area harvested","2021","ha","4805077.00",""
"Philippines","Yield","2021","100 g/ha","41540.00",""
"Philippines","Production","2021","t","19960170.20",""
"Poland","Area harvested","2021","ha","0.00",""
"Poland","Production","2021","t","0.00",""
"Portugal","Gross Production Index Number (2014-2016 = 100)","2021","Index","101.18",""
"Portugal","Gross per capita Production Index Number (2014-2016 = 100)","2021","Index","101.95",""
"Portugal","Area harvested","2021","ha","29360.00",""
"Portugal","Yield","2021","100 g/ha","59911.00",""
"Portugal","Production","2021","t","175900.00",""
"Puerto Rico","Gross Production Index Number (2014-2016 = 100)","2021","Index","109.69",""
"Puerto Rico","Gross per capita Production Index Number (2014-2016 = 100)","2021","Index","117.49",""
"Puerto Rico","Area harvested","2021","ha","58.00",""
"Puerto Rico","Yield","2021","100 g/ha","28613.00",""
"Puerto Rico","Production","2021","t","166.54",""
"Republic of Korea","Gross Production Index Number (2014-2016 = 100)","2021","Index","91.78",""
"Republic of Korea","Gross per capita Production Index Number (2014-2016 = 100)","2021","Index","90.23",""
"Republic of Korea","Area harvested","2021","ha","732477.00",""
"Republic of Korea","Yield","2021","100 g/ha","71143.00",""
"Republic of Korea","Production","2021","t","5211037.00",""
"Republic of Moldova","Area harvested","2021","ha","0.00",""
"Republic of Moldova","Production","2021","t","0.00",""
"Romania","Gross Production Index Number (2014-2016 = 100)","2021","Index","32.43",""
"Romania","Gross per capita Production Index Number (2014-2016 = 100)","2021","Index","33.39",""
"Romania","Area harvested","2021","ha","5440.00",""
"Romania","Yield","2021","100 g/ha","27537.00",""
"Romania","Production","2021","t","14980.00",""
"Russian Federation","Gross Production Index Number (2014-2016 = 100)","2021","Index","99.69",""
"Russian Federation","Gross per capita Production Index Number (2014-2016 = 100)","2021","Index","99.41",""
"Russian Federation","Area harvested","2021","ha","186319.00",""
"Russian Federation","Yield","2021","100 g/ha","57773.00",""
"Russian Federation","Production","2021","t","1076411.50",""
"Rwanda","Gross Production Index Number (2014-2016 = 100)","2021","Index","140.82",""
"Rwanda","Gross per capita Production Index Number (2014-2016 = 100)","2021","Index","122.19",""
"Rwanda","Area harvested","2021","ha","31676.00",""
"Rwanda","Yield","2021","100 g/ha","41596.00",""
"Rwanda","Production","2021","t","131758.00",""
"Saint Vincent and the Grenadines","Area harvested","2021","ha","0.00",""
"Saint Vincent and the Grenadines","Production","2021","t","0.00",""
"Saudi Arabia","Area harvested","2021","ha","339.00",""
"Saudi Arabia","Yield","2021","100 g/ha","24012.00",""
"Saudi Arabia","Production","2021","t","814.00",""
"Senegal","Gross Production Index Number (2014-2016 = 100)","2021","Index","171.61",""
"Senegal","Gross per capita Production Index Number (2014-2016 = 100)","2021","Index","146.59",""
"Senegal","Area harvested","2021","ha","370750.00",""
"Senegal","Yield","2021","100 g/ha","37279.00",""
"Senegal","Production","2021","t","1382119.93",""
"Sierra Leone","Gross Production Index Number (2014-2016 = 100)","2021","Index","201.18",""
"Sierra Leone","Gross per capita Production Index Number (2014-2016 = 100)","2021","Index","174.26",""
"Sierra Leone","Area harvested","2021","ha","944447.00",""
"Sierra Leone","Yield","2021","100 g/ha","20953.00",""
"Sierra Leone","Production","2021","t","1978905.17",""
"Slovakia","Area harvested","2021","ha","0.00",""
"Slovakia","Production","2021","t","0.00",""
"Slovenia","Area harvested","2021","ha","0.00",""
"Slovenia","Production","2021","t","0.00",""
"Small Island Developing States","Gross Production Index Number (2014-2016 = 100)","2021","Index","92.63",""
"Small Island Developing States","Gross per capita Production Index Number (2014-2016 = 100)","2021","Index","87.53",""
"Small Island Developing States","Area harvested","2021","ha","698403.00",""
"Small Island Developing States","Yield","2021","100 g/ha","36229.00",""
"Small Island Developing States","Production","2021","t","2530227.44",""
"Solomon Islands","Gross Production Index Number (2014-2016 = 100)","2021","Index","100.20",""
"Solomon Islands","Gross per capita Production Index Number (2014-2016 = 100)","2021","Index","86.70",""
"Solomon Islands","Area harvested","2021","ha","1447.00",""
"Solomon Islands","Yield","2021","100 g/ha","18993.00",""
"Solomon Islands","Production","2021","t","2747.68",""
"Somalia","Gross Production Index Number (2014-2016 = 100)","2021","Index","110.67",""
"Somalia","Gross per capita Production Index Number (2014-2016 = 100)","2021","Index","89.87",""
"Somalia","Area harvested","2021","ha","925.00",""
"Somalia","Yield","2021","100 g/ha","17638.00",""
"Somalia","Production","2021","t","1632.35",""
"South Africa","Gross Production Index Number (2014-2016 = 100)","2021","Index","100.36",""
"South Africa","Gross per capita Production Index Number (2014-2016 = 100)","2021","Index","94.07",""
"South Africa","Area harvested","2021","ha","1083.00",""
"South Africa","Yield","2021","100 g/ha","28442.00",""
"South Africa","Production","2021","t","3080.32",""
"South America","Gross Production Index Number (2014-2016 = 100)","2021","Index","105.14",""
"South America","Gross per capita Production Index Number (2014-2016 = 100)","2021","Index","100.00",""
"South America","Area harvested","2021","ha","4105452.00",""
"South America","Yield","2021","100 g/ha","63857.00",""
"South America","Production","2021","t","26215990.69",""
"South Sudan","Gross Production Index Number (2014-2016 = 100)","2021","Index","174.85",""
"South Sudan","Gross per capita Production Index Number (2014-2016 = 100)","2021","Index","181.11",""
"South Sudan","Area harvested","2021","ha","30718.00",""
"South Sudan","Yield","2021","100 g/ha","8472.00",""
"South Sudan","Production","2021","t","26024.00",""
"South-eastern Asia","Gross Production Index Number (2014-2016 = 100)","2021","Index","100.42",""
"South-eastern Asia","Gross per capita Production Index Number (2014-2016 = 100)","2021","Index","94.58",""
"South-eastern Asia","Area harvested","2021","ha","45086935.00",""
"South-eastern Asia","Yield","2021","100 g/ha","43131.00",""
"South-eastern Asia","Production","2021","t","194466470.89",""
"Southern Africa","Gross Production Index Number (2014-2016 = 100)","2021","Index","103.14",""
"Southern Africa","Gross per capita Production Index Number (2014-2016 = 100)","2021","Index","96.36",""
"Southern Africa","Area harvested","2021","ha","1413.00",""
"Southern Africa","Yield","2021","100 g/ha","28869.00",""
"Southern Africa","Production","2021","t","4080.32",""
"Southern Asia","Gross Production Index Number (2014-2016 = 100)","2021","Index","119.94",""
"Southern Asia","Gross per capita Production Index Number (2014-2016 = 100)","2021","Index","111.97",""
"Southern Asia","Area harvested","2021","ha","64812936.00",""
"Southern Asia","Yield","2021","100 g/ha","43081.00",""
"Southern Asia","Production","2021","t","279219293.14",""
"Southern Europe","Gross Production Index Number (2014-2016 = 100)","2021","Index","89.61",""
"Southern Europe","Gross per capita Production Index Number (2014-2016 = 100)","2021","Index","90.25",""
"Southern Europe","Area harvested","2021","ha","379081.00",""
"Southern Europe","Yield","2021","100 g/ha","66292.00",""
"Southern Europe","Production","2021","t","2513002.00",""
"Spain","Gross Production Index Number (2014-2016 = 100)","2021","Index","72.79",""
"Spain","Gross per capita Production Index Number (2014-2016 = 100)","2021","Index","71.21",""
"Spain","Area harvested","2021","ha","84680.00",""
"Spain","Yield","2021","100 g/ha","72884.00",""
"Spain","Production","2021","t","617180.00",""
"Sri Lanka","Gross Production Index Number (2014-2016 = 100)","2021","Index","122.41",""
"Sri Lanka","Gross per capita Production Index Number (2014-2016 = 100)","2021","Index","119.99",""
"Sri Lanka","Area harvested","2021","ha","1126605.00",""
"Sri Lanka","Yield","2021","100 g/ha","45709.00",""
"Sri Lanka","Production","2021","t","5149596.00",""
"Sudan","Gross Production Index Number (2014-2016 = 100)","2021","Index","97.53",""
"Sudan","Gross per capita Production Index Number (2014-2016 = 100)","2021","Index","81.88",""
"Sudan","Area harvested","2021","ha","8513.00",""
"Sudan","Yield","2021","100 g/ha","29367.00",""
"Sudan","Production","2021","t","25000.00","X7"
"Suriname","Gross Production Index Number (2014-2016 = 100)","2021","Index","96.21",""
"Suriname","Gross per capita Production Index Number (2014-2016 = 100)","2021","Index","90.33",""
"Suriname","Area harvested","2021","ha","56861.00",""
"Suriname","Yield","2021","100 g/ha","46385.00",""
"Suriname","Production","2021","t","263749.00",""
"Sweden","Area harvested","2021","ha","0.00",""
"Sweden","Production","2021","t","0.00",""
"Syrian Arab Republic","Area harvested","2021","ha","0.00",""
"Syrian Arab Republic","Production","2021","t","0.00",""
"Tajikistan","Gross Production Index Number (2014-2016 = 100)","2021","Index","76.65",""
"Tajikistan","Gross per capita Production Index Number (2014-2016 = 100)","2021","Index","67.10",""
"Tajikistan","Area harvested","2021","ha","12694.00","X7"
"Tajikistan","Yield","2021","100 g/ha","52781.00",""
"Tajikistan","Production","2021","t","67000.00","X7"
"Thailand","Gross Production Index Number (2014-2016 = 100)","2021","Index","109.29",""
"Thailand","Gross per capita Production Index Number (2014-2016 = 100)","2021","Index","107.28",""
"Thailand","Area harvested","2021","ha","11244000.00",""
"Thailand","Yield","2021","100 g/ha","29867.00",""
"Thailand","Production","2021","t","33582000.00",""
"Timor-Leste","Gross Production Index Number (2014-2016 = 100)","2021","Index","61.88",""
"Timor-Leste","Gross per capita Production Index Number (2014-2016 = 100)","2021","Index","56.32",""
"Timor-Leste","Area harvested","2021","ha","26792.00",""
"Timor-Leste","Yield","2021","100 g/ha","16966.00",""
"Timor-Leste","Production","2021","t","45455.00",""
"Togo","Gross Production Index Number (2014-2016 = 100)","2021","Index","105.64",""
"Togo","Gross per capita Production Index Number (2014-2016 = 100)","2021","Index","91.24",""
"Togo","Area harvested","2021","ha","91093.00",""
"Togo","Yield","2021","100 g/ha","16467.00",""
"Togo","Production","2021","t","150000.00","X7"
"Trinidad and Tobago","Gross Production Index Number (2014-2016 = 100)","2021","Index","15.87",""
"Trinidad and Tobago","Gross per capita Production Index Number (2014-2016 = 100)","2021","Index","15.18",""
"Trinidad and Tobago","Area harvested","2021","ha","369.00",""
"Trinidad and Tobago","Yield","2021","100 g/ha","9505.00",""
"Trinidad and Tobago","Production","2021","t","351.10",""
"Türkiye","Gross Production Index Number (2014-2016 = 100)","2021","Index","112.36",""
"Türkiye","Gross per capita Production Index Number (2014-2016 = 100)","2021","Index","105.53",""
"Türkiye","Area harvested","2021","ha","129475.00",""
"Türkiye","Yield","2021","100 g/ha","77235.00",""
"Türkiye","Production","2021","t","1000000.00",""
"Turkmenistan","Gross Production Index Number (2014-2016 = 100)","2021","Index","63.71",""
"Turkmenistan","Gross per capita Production Index Number (2014-2016 = 100)","2021","Index","57.92",""
"Turkmenistan","Area harvested","2021","ha","20477.00",""
"Turkmenistan","Yield","2021","100 g/ha","40450.00",""
"Turkmenistan","Production","2021","t","82827.98",""
"Uganda","Gross Production Index Number (2014-2016 = 100)","2021","Index","131.84",""
"Uganda","Gross per capita Production Index Number (2014-2016 = 100)","2021","Index","107.70",""
"Uganda","Area harvested","2021","ha","101325.00",""
"Uganda","Yield","2021","100 g/ha","29932.00",""
"Uganda","Production","2021","t","303283.18",""
"Ukraine","Gross Production Index Number (2014-2016 = 100)","2021","Index","83.35",""
"Ukraine","Gross per capita Production Index Number (2014-2016 = 100)","2021","Index","86.12",""
"Ukraine","Area harvested","2021","ha","10100.00",""
"Ukraine","Yield","2021","100 g/ha","48990.00",""
"Ukraine","Production","2021","t","49480.00",""
"United Republic of Tanzania","Gross Production Index Number (2014-2016 = 100)","2021","Index","137.92",""
"United Republic of Tanzania","Gross per capita Production Index Number (2014-2016 = 100)","2021","Index","114.33",""
"United Republic of Tanzania","Area harvested","2021","ha","955729.00",""
"United Republic of Tanzania","Yield","2021","100 g/ha","28125.00",""
"United Republic of Tanzania","Production","2021","t","2688000.00",""
"United States of America","Gross Production Index Number (2014-2016 = 100)","2021","Index","90.09",""
"United States of America","Gross per capita Production Index Number (2014-2016 = 100)","2021","Index","86.78",""
"United States of America","Area harvested","2021","ha","1006870.00",""
"United States of America","Yield","2021","100 g/ha","86404.00",""
"United States of America","Production","2021","t","8699720.00",""
"Uruguay","Gross Production Index Number (2014-2016 = 100)","2021","Index","96.99",""
"Uruguay","Gross per capita Production Index Number (2014-2016 = 100)","2021","Index","96.32",""
"Uruguay","Area harvested","2021","ha","139300.00",""
"Uruguay","Yield","2021","100 g/ha","93970.00",""
"Uruguay","Production","2021","t","1309000.00",""
"Uzbekistan","Gross Production Index Number (2014-2016 = 100)","2021","Index","81.27",""
"Uzbekistan","Gross per capita Production Index Number (2014-2016 = 100)","2021","Index","73.88",""
"Uzbekistan","Area harvested","2021","ha","48883.00",""
"Uzbekistan","Yield","2021","100 g/ha","68373.00",""
"Uzbekistan","Production","2021","t","334226.00",""
"Venezuela (Bolivarian Republic of)","Gross Production Index Number (2014-2016 = 100)","2021","Index","96.21",""
"Venezuela (Bolivarian Republic of)","Gross per capita Production Index Number (2014-2016 = 100)","2021","Index","103.75",""
"Venezuela (Bolivarian Republic of)","Area harvested","2021","ha","187723.00",""
"Venezuela (Bolivarian Republic of)","Yield","2021","100 g/ha","41999.00",""
"Venezuela (Bolivarian Republic of)","Production","2021","t","788422.50",""
"Viet Nam","Gross Production Index Number (2014-2016 = 100)","2021","Index","98.78",""
"Viet Nam","Gross per capita Production Index Number (2014-2016 = 100)","2021","Index","93.41",""
"Viet Nam","Area harvested","2021","ha","7219797.00",""
"Viet Nam","Yield","2021","100 g/ha","60740.00",""
"Viet Nam","Production","2021","t","43852728.69",""
"Western Africa","Gross Production Index Number (2014-2016 = 100)","2021","Index","115.37",""
"Western Africa","Gross per capita Production Index Number (2014-2016 = 100)","2021","Index","98.96",""
"Western Africa","Area harvested","2021","ha","10104389.00",""
"Western Africa","Yield","2021","100 g/ha","21349.00",""
"Western Africa","Production","2021","t","21571676.94",""
"Western Asia","Gross Production Index Number (2014-2016 = 100)","2021","Index","127.43",""
"Western Asia","Gross per capita Production Index Number (2014-2016 = 100)","2021","Index","116.30",""
"Western Asia","Area harvested","2021","ha","229052.00",""
"Western Asia","Yield","2021","100 g/ha","62577.00",""
"Western Asia","Production","2021","t","1433339.30",""
"Western Europe","Gross Production Index Number (2014-2016 = 100)","2021","Index","76.44",""
"Western Europe","Gross per capita Production Index Number (2014-2016 = 100)","2021","Index","75.01",""
"Western Europe","Area harvested","2021","ha","12290.00",""
"Western Europe","Yield","2021","100 g/ha","50724.00",""
"Western Europe","Production","2021","t","62340.00",""
"World","Gross Production Index Number (2014-2016 = 100)","2021","Index","107.29",""
"World","Gross per capita Production Index Number (2014-2016 = 100)","2021","Index","100.73",""
"World","Area harvested","2021","ha","165250620.00",""
"World","Yield","2021","100 g/ha","47642.00",""
"World","Production","2021","t","787293867.41",""
"Zambia","Gross Production Index Number (2014-2016 = 100)","2021","Index","194.08",""
"Zambia","Gross per capita Production Index Number (2014-2016 = 100)","2021","Index","160.70",""
"Zambia","Area harvested","2021","ha","44233.00",""
"Zambia","Yield","2021","100 g/ha","14893.00",""
"Zambia","Production","2021","t","65875.83",""
"Zimbabwe","Gross Production Index Number (2014-2016 = 100)","2021","Index","218.07",""
"Zimbabwe","Gross per capita Production Index Number (2014-2016 = 100)","2021","Index","192.95",""
"Zimbabwe","Area harvested","2021","ha","3466.00",""
"Zimbabwe","Yield","2021","100 g/ha","8390.00",""
"Zimbabwe","Production","2021","t","2908.00",""

"fnSeqID","Footnote"
"X7","International reliable sources (USDA, WTO, World Bank, IMF, UNICEF, UNSD). Unofficial figure"
